Sensor_ID,Timestamp,Latitude,Longitude,Temperature,Humidity,Speed
5,2024-12-01 23:00:13.848283,37.262103,-103.964565,17.7,43.9,73.1
2,2024-12-01 23:18:50.848308,38.58765,-102.991763,28.5,49.7,42.8
1,2024-12-01 23:33:01.848318,38.834174,-103.62316,21.8,67.6,81.2
3,2024-12-01 23:08:52.848324,37.261249,-103.367138,21.8,53.9,97.5
6,2024-12-01 22:50:08.848335,37.61207,-104.087197,19.7,31.6,26.8
1,2024-12-01 23:25:47.848341,37.108634,-102.655236,25.7,69.4,40.2
1,2024-12-01 23:01:35.848347,37.866458,-104.529975,18.7,50.2,9.6
7,2024-12-01 23:35:42.848354,38.189121,-103.01876,16.1,56.8,57.9
4,2024-12-01 22:57:21.848361,39.066644,-103.301873,28.6,50.8,18.9
9,2024-12-01 23:29:09.848366,37.505735,-103.337264,28.0,56.1,31.9
7,2024-12-01 22:52:54.848371,39.66676,-102.426752,28.5,49.7,83.0
9,2024-12-01 23:25:56.848376,38.820761,-104.808339,24.6,47.0,14.2
2,2024-12-01 23:33:29.848381,38.043563,-103.584083,26.2,56.0,12.5
10,2024-12-01 23:29:08.848386,39.466229,-104.899741,24.0,57.4,93.2
5,2024-12-01 22:46:05.848391,38.075745,-104.046533,29.9,60.0,54.5
3,2024-12-01 23:33:43.848395,38.991291,-103.505925,19.9,52.5,83.5
1,2024-12-01 23:31:00.848400,37.689348,-104.378178,19.6,69.6,5.4
10,2024-12-01 23:08:44.848405,37.039688,-102.881834,20.8,58.9,45.3
10,2024-12-01 23:29:46.848410,37.46689,-104.340667,28.1,65.1,76.1
6,2024-12-01 22:47:06.848415,38.231526,-104.289942,27.8,31.6,95.9
8,2024-12-01 22:58:23.848420,37.052896,-103.328645,26.2,51.6,36.7
5,2024-12-01 23:29:28.848424,38.567174,-102.43596,17.6,43.5,30.6
4,2024-12-01 23:00:03.848429,38.785818,-104.013864,17.0,32.4,57.6
5,2024-12-01 23:16:51.848434,37.125664,-102.904776,21.9,35.8,57.2
7,2024-12-01 22:55:00.848438,37.79269,-103.355035,28.1,54.0,22.5
2,2024-12-01 22:58:45.848443,38.894881,-103.810528,29.1,69.0,82.6
8,2024-12-01 22:44:25.848448,37.54401,-104.364438,17.8,58.5,3.5
10,2024-12-01 23:30:23.848452,37.006964,-102.480956,15.1,37.4,95.7
4,2024-12-01 22:45:44.848457,39.805446,-102.294517,20.1,67.1,87.9
8,2024-12-01 23:36:13.848462,38.739899,-104.351412,21.8,46.4,73.2
10,2024-12-01 23:02:36.848467,38.074557,-103.949557,24.8,47.7,95.6
1,2024-12-01 23:08:56.848472,38.640127,-102.740875,27.0,33.2,11.8
9,2024-12-01 23:09:30.848477,37.011936,-102.588523,16.7,65.2,58.6
5,2024-12-01 23:15:18.848482,37.061137,-102.745527,20.8,32.2,80.5
2,2024-12-01 23:25:33.848487,39.15108,-103.409166,20.6,64.2,5.6
4,2024-12-01 22:56:30.848492,37.683268,-103.575414,20.5,40.3,54.2
6,2024-12-01 23:03:58.848497,39.436838,-104.174734,23.7,37.8,55.5
6,2024-12-01 23:30:57.848501,37.945735,-102.941727,18.8,39.3,32.5
3,2024-12-01 23:25:29.848506,37.09821,-103.866269,25.3,68.7,30.2
9,2024-12-01 22:57:16.848511,37.046235,-103.779573,28.0,38.5,16.9
4,2024-12-01 23:11:12.848515,37.469867,-102.717249,21.3,58.3,32.3
7,2024-12-01 22:48:11.848520,38.607328,-104.551772,28.4,30.8,9.9
6,2024-12-01 23:31:45.848525,38.5755,-103.586445,23.3,58.6,87.5
8,2024-12-01 22:46:59.848529,37.227256,-102.037847,27.4,68.5,33.4
10,2024-12-01 22:47:41.848534,38.273714,-104.992136,22.3,70.0,87.2
9,2024-12-01 23:18:07.848539,38.198451,-104.123691,22.2,48.3,24.2
2,2024-12-01 23:05:26.848543,37.760792,-102.060823,26.3,41.5,7.7
3,2024-12-01 23:02:14.848548,39.778201,-103.640403,25.6,39.2,18.5
5,2024-12-01 22:55:14.848553,37.074446,-102.174589,27.6,43.9,5.0
7,2024-12-01 23:35:27.848557,38.412347,-103.495292,23.8,58.5,97.8
3,2024-12-01 22:52:13.848563,37.773865,-102.179682,20.3,50.8,68.8
10,2024-12-01 23:05:32.848567,37.964363,-103.777328,25.6,63.5,41.4
2,2024-12-01 23:33:57.848572,38.129069,-102.230864,24.3,47.5,73.6
1,2024-12-01 23:29:14.848577,39.542819,-104.393545,29.1,53.2,25.0
9,2024-12-01 23:30:31.848581,37.705862,-102.037226,20.1,60.5,91.8
1,2024-12-01 23:28:54.848586,39.249566,-102.247767,16.3,56.0,70.3
4,2024-12-01 22:45:33.848591,38.735619,-103.308355,24.2,68.2,55.0
1,2024-12-01 23:25:56.848595,39.482731,-102.941786,26.6,36.3,83.8
8,2024-12-01 22:50:26.848600,37.01971,-103.351387,19.9,52.3,17.7
4,2024-12-01 23:22:42.848605,39.456792,-102.377662,25.4,52.1,34.8
5,2024-12-01 23:22:25.848609,38.098992,-103.801814,23.0,32.9,6.3
6,2024-12-01 22:38:27.848614,38.66755,-103.420721,20.4,42.5,1.0
3,2024-12-01 23:03:41.848619,39.445992,-103.935986,15.2,41.4,45.0
5,2024-12-01 23:09:52.848624,38.31533,-104.040107,18.3,42.4,76.6
7,2024-12-01 22:50:04.848629,37.412591,-103.15965,23.9,61.9,35.7
7,2024-12-01 23:29:10.848634,38.152139,-102.627914,20.2,35.9,77.9
9,2024-12-01 23:25:20.848639,39.203292,-104.596949,26.2,48.8,2.2
4,2024-12-01 23:33:05.848643,39.755801,-103.160955,22.3,61.7,40.4
6,2024-12-01 23:32:37.848648,38.660355,-103.329453,23.7,32.7,44.9
2,2024-12-01 22:43:51.848653,38.292484,-104.70493,26.9,58.6,95.1
5,2024-12-01 23:06:42.848658,38.57009,-102.896697,27.4,31.8,17.0
7,2024-12-01 22:55:58.848662,37.05215,-102.398287,15.3,47.7,2.5
4,2024-12-01 23:25:35.848667,37.942368,-103.970894,18.3,37.9,78.1
7,2024-12-01 22:55:11.848671,39.274993,-103.824311,23.2,62.2,82.1
5,2024-12-01 23:01:51.848676,39.2359,-103.84974,27.5,38.1,43.8
1,2024-12-01 22:41:54.848681,38.508872,-104.694055,16.3,55.0,7.6
2,2024-12-01 22:50:07.848685,38.346873,-104.908497,22.9,60.5,57.2
7,2024-12-01 22:56:43.848690,39.061802,-102.858319,22.4,43.1,89.9
7,2024-12-01 23:04:59.848695,39.711493,-104.900753,27.3,48.0,4.2
3,2024-12-01 22:54:28.848700,39.000437,-104.181066,23.4,57.6,46.0
5,2024-12-01 23:16:09.848704,38.665141,-102.824212,26.2,37.7,84.0
4,2024-12-01 23:15:43.848709,37.304321,-103.079252,15.4,48.3,19.2
9,2024-12-01 22:38:44.848713,39.34004,-102.760748,22.3,51.3,21.9
6,2024-12-01 22:54:52.848718,39.948213,-104.19314,26.9,43.5,48.9
3,2024-12-01 23:34:46.848723,37.151398,-103.260246,18.4,53.2,14.3
1,2024-12-01 23:15:15.848727,37.730566,-102.818309,29.4,49.0,71.7
10,2024-12-01 23:24:00.848732,39.617094,-103.419502,25.9,34.9,53.2
3,2024-12-01 22:39:07.848737,39.197384,-102.019667,22.3,41.3,43.5
10,2024-12-01 22:42:56.848742,39.994077,-102.105224,24.7,59.5,56.1
2,2024-12-01 22:40:10.848747,37.43434,-103.364282,17.2,48.1,99.0
6,2024-12-01 22:44:25.848751,39.175449,-103.200241,26.2,48.8,9.7
2,2024-12-01 23:00:11.848756,38.340329,-102.41521,19.0,42.5,10.6
9,2024-12-01 23:21:44.848761,37.968835,-104.471973,28.6,42.3,57.1
6,2024-12-01 23:33:03.848766,37.766416,-102.057553,27.3,55.7,37.8
8,2024-12-01 23:11:33.848770,38.774597,-102.10969,26.5,58.5,6.4
5,2024-12-01 23:14:13.848775,38.003625,-103.441509,22.3,34.7,7.4
5,2024-12-01 23:00:43.848780,39.749544,-104.290157,26.1,49.0,44.2
3,2024-12-01 22:59:13.848785,37.718065,-104.692988,27.5,44.0,83.9
3,2024-12-01 23:12:53.848789,39.474671,-104.886595,16.4,36.3,3.2
1,2024-12-01 22:48:16.848795,37.154791,-102.032394,29.5,44.8,31.1
1,2024-12-01 22:44:01.848799,38.06363,-103.985016,25.2,47.3,43.5
5,2024-12-01 22:38:31.848804,37.169059,-103.737719,19.5,32.7,15.1
8,2024-12-01 22:37:36.848809,38.292032,-102.907368,19.8,35.1,19.2
7,2024-12-01 23:05:30.848813,37.177265,-104.715104,22.2,57.5,64.6
7,2024-12-01 23:28:52.848818,38.310203,-103.728165,18.0,48.9,91.9
3,2024-12-01 22:44:34.848822,38.854589,-102.848064,25.5,32.8,57.2
9,2024-12-01 23:33:09.848827,38.819282,-102.165514,23.4,34.8,3.7
6,2024-12-01 23:17:56.848831,39.613219,-102.069141,15.8,47.9,3.7
7,2024-12-01 22:57:37.848836,38.554354,-104.45687,16.0,54.3,90.0
6,2024-12-01 23:18:14.848841,39.858075,-102.485309,16.2,51.2,96.4
8,2024-12-01 22:48:40.848846,37.690084,-104.78435,16.4,40.3,13.3
3,2024-12-01 23:35:52.848850,39.784992,-102.313546,21.6,40.0,91.4
9,2024-12-01 22:46:50.848855,38.065548,-103.068611,25.6,30.3,86.4
9,2024-12-01 23:06:16.848859,37.477914,-104.56652,15.4,53.5,98.9
3,2024-12-01 22:44:57.848864,38.539271,-102.985561,29.7,30.5,18.0
1,2024-12-01 22:45:49.848869,37.332186,-102.577682,21.8,50.7,94.6
2,2024-12-01 23:26:28.848873,38.77725,-103.782432,23.1,62.0,82.6
9,2024-12-01 22:55:24.848878,39.344954,-102.798449,16.6,65.8,67.6
10,2024-12-01 22:59:46.848883,37.756547,-104.054824,21.7,56.3,8.3
9,2024-12-01 23:30:09.848887,37.402551,-103.682603,19.7,60.9,89.5
10,2024-12-01 22:38:58.848892,37.985751,-104.906799,29.6,46.2,62.3
3,2024-12-01 22:53:13.848896,37.666864,-104.316853,26.2,63.0,40.1
3,2024-12-01 22:51:00.848901,39.196631,-102.147954,21.9,57.1,60.9
9,2024-12-01 23:17:02.848905,37.963885,-103.502722,16.5,55.4,68.4
9,2024-12-01 23:28:07.848910,38.905596,-104.022833,27.7,40.3,51.2
2,2024-12-01 23:21:21.848914,39.360713,-102.461148,23.5,34.2,36.3
5,2024-12-01 23:01:13.848919,39.446414,-104.69328,28.7,39.3,11.7
2,2024-12-01 22:57:20.848923,38.886067,-102.026904,21.4,58.8,41.1
10,2024-12-01 23:17:45.848928,38.650173,-102.499801,26.9,38.8,17.7
4,2024-12-01 22:45:53.848933,39.789932,-103.156186,23.9,68.5,67.9
6,2024-12-01 23:13:13.848938,38.069999,-102.085989,15.4,69.0,88.2
2,2024-12-01 23:36:13.848943,37.049024,-102.353355,18.8,55.0,6.9
3,2024-12-01 23:13:09.848947,39.708394,-102.034154,21.3,54.0,32.8
9,2024-12-01 22:41:54.848952,39.38811,-102.503199,23.1,63.9,19.1
9,2024-12-01 23:10:01.848957,39.169111,-104.387748,28.3,50.2,66.4
1,2024-12-01 23:02:43.848961,38.221757,-102.288951,17.7,30.1,42.1
10,2024-12-01 22:37:28.848966,39.82917,-103.306629,20.7,50.1,68.3
1,2024-12-01 23:32:42.848971,39.871283,-103.889656,15.3,51.5,49.1
5,2024-12-01 23:27:10.848975,39.180485,-102.511385,21.5,54.9,1.0
5,2024-12-01 22:45:33.848980,39.24609,-102.884784,28.7,64.4,55.8
4,2024-12-01 23:34:32.848987,38.632591,-103.334444,25.5,42.1,59.1
4,2024-12-01 23:00:01.848992,39.398708,-103.861314,18.3,48.1,20.1
3,2024-12-01 22:58:04.848996,37.776887,-102.347607,16.9,66.7,23.6
6,2024-12-01 23:06:02.849001,38.932311,-102.073652,26.9,65.4,41.8
9,2024-12-01 23:08:06.849005,37.938094,-104.556627,24.7,34.6,23.9
8,2024-12-01 23:13:51.849010,39.076428,-102.788377,19.2,41.3,24.9
2,2024-12-01 23:36:28.849014,39.271033,-102.180942,16.6,66.6,99.0
2,2024-12-01 22:49:27.849019,37.418019,-103.139845,24.7,30.5,38.8
5,2024-12-01 22:49:39.849024,37.74393,-103.05872,17.1,61.9,48.8
4,2024-12-01 23:19:47.849029,39.456226,-102.665671,16.7,60.9,3.4
1,2024-12-01 22:42:02.849034,38.571336,-102.952776,30.0,68.9,48.1
4,2024-12-01 23:03:52.849039,37.179906,-102.061885,26.4,66.5,37.6
7,2024-12-01 23:15:33.849043,37.563501,-103.965418,21.6,46.0,30.4
8,2024-12-01 23:30:56.849048,37.014437,-102.65244,25.0,43.7,100.0
4,2024-12-01 22:57:37.849053,39.850692,-104.369065,21.4,61.8,30.8
7,2024-12-01 23:35:34.849057,37.527304,-104.708914,15.3,63.5,51.9
1,2024-12-01 23:22:14.849062,39.904556,-103.176239,19.4,51.6,33.2
2,2024-12-01 22:48:10.849066,37.400665,-103.539571,28.8,59.8,13.0
10,2024-12-01 23:12:45.849071,37.972698,-103.836267,16.2,33.3,30.4
1,2024-12-01 22:45:21.849076,39.447816,-103.210838,18.6,58.8,5.5
6,2024-12-01 22:45:45.849080,37.865393,-104.569019,22.0,54.8,12.7
2,2024-12-01 23:13:48.849085,38.998729,-103.333237,27.3,69.2,86.3
5,2024-12-01 23:22:46.849090,38.898879,-104.269891,20.7,56.3,52.8
1,2024-12-01 23:28:55.849094,37.762707,-102.796765,18.8,62.7,24.8
3,2024-12-01 22:46:37.849099,39.955131,-103.809038,18.8,58.7,55.9
7,2024-12-01 23:26:46.849104,39.781964,-104.760488,21.4,50.8,30.6
4,2024-12-01 22:57:36.849108,38.894144,-103.722641,29.1,58.5,25.0
2,2024-12-01 23:34:49.849113,39.877766,-103.300239,20.7,34.5,1.0
3,2024-12-01 23:35:47.849118,39.970939,-103.931799,15.3,41.4,65.2
1,2024-12-01 22:48:23.849122,37.782419,-103.754615,28.8,37.4,27.5
10,2024-12-01 22:46:23.849127,38.9644,-103.493528,16.5,46.8,32.8
4,2024-12-01 23:04:37.849132,37.864804,-102.136147,24.8,67.5,58.9
6,2024-12-01 23:00:13.849136,38.184067,-103.714719,18.8,54.7,69.2
4,2024-12-01 23:11:55.849141,38.820453,-103.64456,24.2,32.3,86.7
4,2024-12-01 23:18:36.849146,39.873736,-104.753446,18.1,67.7,34.0
7,2024-12-01 22:46:49.849150,37.835899,-104.424209,18.9,44.9,97.8
8,2024-12-01 23:24:20.849155,39.553361,-103.808703,26.6,36.0,6.1
2,2024-12-01 22:50:49.849160,39.994244,-103.455942,17.6,66.4,80.4
4,2024-12-01 23:21:05.849164,39.337817,-102.551213,17.8,53.1,36.4
3,2024-12-01 22:56:26.849169,37.103614,-103.939386,25.2,62.9,28.5
5,2024-12-01 22:38:37.849174,38.732928,-103.08043,21.0,68.2,38.4
3,2024-12-01 23:26:58.849178,39.483027,-102.053811,21.0,54.4,11.8
10,2024-12-01 22:40:45.849183,39.094422,-103.700973,16.2,61.6,73.1
2,2024-12-01 22:41:12.849187,39.97858,-103.224884,19.0,58.9,41.3
4,2024-12-01 23:01:40.849192,38.971493,-103.237346,18.3,51.4,49.3
10,2024-12-01 23:10:12.849197,37.909179,-104.338443,29.8,41.5,36.1
10,2024-12-01 23:24:44.849866,39.813273,-104.776109,28.6,55.6,45.2
10,2024-12-01 22:59:12.849873,39.987302,-104.647157,25.9,67.1,88.3
3,2024-12-01 22:37:31.849877,37.610963,-102.329083,28.0,40.8,20.0
6,2024-12-01 22:46:36.849882,39.672483,-104.410994,18.2,42.0,8.6
4,2024-12-01 22:56:55.849887,39.563206,-104.857258,16.1,49.7,23.6
10,2024-12-01 23:31:18.849892,37.490275,-103.870243,19.6,39.9,56.5
4,2024-12-01 23:18:34.849896,38.345371,-104.375375,27.5,34.6,84.2
4,2024-12-01 22:58:50.849901,38.781327,-102.273779,23.5,67.1,76.6
4,2024-12-01 23:03:26.849906,38.47844,-103.347532,21.2,55.8,84.1
7,2024-12-01 22:43:26.849911,38.600777,-103.108938,21.9,51.0,79.4
2,2024-12-01 22:37:13.849915,37.841304,-104.593102,15.9,33.2,96.2
1,2024-12-01 23:21:02.849921,38.049961,-104.700138,21.0,55.1,39.8
8,2024-12-01 23:24:51.849926,39.864836,-104.425228,23.3,49.1,17.0
6,2024-12-01 23:27:11.849930,38.803482,-103.996242,18.1,69.4,19.0
9,2024-12-01 22:54:22.849935,38.942809,-102.837674,28.3,44.6,94.6
4,2024-12-01 23:23:43.849940,37.385564,-102.814712,23.8,60.4,35.3
10,2024-12-01 23:31:22.849944,39.755823,-103.809678,17.2,43.8,31.0
10,2024-12-01 22:48:20.849949,38.947825,-103.841673,22.3,36.5,72.0
9,2024-12-01 22:42:19.849954,37.615732,-103.318296,21.3,61.5,46.7
6,2024-12-01 22:45:19.850001,38.80136,-102.927167,24.6,64.0,55.1
7,2024-12-01 23:04:44.850013,39.742145,-103.524132,24.7,62.2,95.1
2,2024-12-01 23:28:31.850019,37.035536,-104.004856,24.7,34.0,2.4
9,2024-12-01 23:25:05.850024,39.380257,-104.200149,15.4,35.7,34.6
9,2024-12-01 23:18:45.850030,39.842939,-104.626817,25.7,65.9,52.0
6,2024-12-01 23:08:31.850035,37.204668,-103.199688,23.0,67.0,19.1
1,2024-12-01 22:58:12.850040,39.204819,-102.586728,28.5,56.4,16.3
3,2024-12-01 22:39:13.850044,39.888206,-104.993343,21.0,30.5,1.9
10,2024-12-01 23:15:04.850049,38.524413,-102.800322,15.1,57.5,27.1
8,2024-12-01 23:23:20.850054,38.04648,-104.263927,18.2,32.9,41.8
2,2024-12-01 23:13:08.850059,37.388056,-104.960068,24.3,53.1,4.9
2,2024-12-01 23:36:45.850064,39.692261,-104.663571,21.5,51.2,9.5
4,2024-12-01 23:03:58.850069,39.15241,-104.618571,24.1,54.5,76.7
6,2024-12-01 23:32:38.850074,38.754666,-104.033721,29.0,61.1,96.1
6,2024-12-01 23:10:55.850078,38.543477,-102.858426,16.6,43.4,71.7
9,2024-12-01 22:59:22.850083,38.31501,-102.857169,18.6,46.1,22.8
6,2024-12-01 22:59:26.850088,37.119059,-104.437457,15.3,69.4,49.7
3,2024-12-01 23:18:08.850092,38.377184,-104.187598,21.9,66.9,14.1
10,2024-12-01 23:36:23.850097,38.198604,-102.183352,27.1,40.2,19.0
5,2024-12-01 23:29:21.850101,37.664407,-103.127035,24.6,49.5,74.0
10,2024-12-01 22:44:18.850109,37.009365,-104.553461,26.2,57.4,87.2
5,2024-12-01 23:14:56.850114,37.332225,-103.061279,16.3,36.3,56.5
4,2024-12-01 23:04:45.850119,39.699064,-104.57162,29.2,37.6,5.9
5,2024-12-01 23:17:44.850124,37.001132,-104.178072,27.9,56.7,13.7
4,2024-12-01 22:59:31.850129,38.320688,-104.589241,21.8,49.0,57.0
5,2024-12-01 22:46:33.850134,37.444596,-102.844692,16.3,55.1,50.7
10,2024-12-01 23:13:22.850138,37.429661,-103.910917,27.4,46.4,90.1
6,2024-12-01 23:29:43.850143,37.491974,-102.520679,23.8,49.1,96.5
5,2024-12-01 23:29:51.850149,38.009591,-103.457799,20.1,50.5,45.9
5,2024-12-01 23:23:32.850154,37.765132,-102.929083,28.1,32.7,40.0
10,2024-12-01 23:32:25.850158,38.547057,-104.783871,24.5,55.3,60.9
5,2024-12-01 23:29:17.850163,37.500732,-104.052077,17.9,51.6,62.9
1,2024-12-01 23:32:33.850168,39.644564,-102.970005,27.9,37.6,46.3
6,2024-12-01 23:34:16.850172,39.757941,-104.07254,17.1,32.6,4.9
3,2024-12-01 23:14:48.850177,37.082622,-104.818012,20.5,39.5,64.9
3,2024-12-01 23:34:39.850182,38.997725,-103.83768,24.3,36.3,95.4
6,2024-12-01 23:32:21.850187,39.619232,-103.62159,26.8,54.8,15.3
5,2024-12-01 23:11:58.850194,38.580135,-103.756492,28.0,38.0,74.4
10,2024-12-01 22:38:30.850199,37.778054,-103.574224,25.5,54.8,10.3
5,2024-12-01 23:35:52.850203,39.436722,-103.074433,26.2,56.2,56.0
2,2024-12-01 23:01:18.850208,37.987081,-103.731492,19.7,57.6,90.6
10,2024-12-01 23:23:08.850213,39.697256,-104.150022,21.9,51.4,17.6
4,2024-12-01 23:09:02.850218,39.94921,-104.253445,19.9,32.1,26.7
4,2024-12-01 22:38:48.850223,39.869049,-102.094495,24.8,53.1,9.8
8,2024-12-01 23:17:05.850227,38.600529,-102.181076,19.8,50.6,34.8
10,2024-12-01 23:19:44.850232,39.790462,-103.244166,18.7,52.8,68.9
8,2024-12-01 22:59:18.850236,38.778806,-103.154429,24.5,69.7,59.5
5,2024-12-01 23:03:43.850241,39.951774,-104.627876,18.3,53.4,81.1
8,2024-12-01 23:26:28.850246,37.130772,-103.354912,20.6,43.9,91.7
3,2024-12-01 22:45:06.850251,39.444844,-102.375801,19.4,50.1,3.5
6,2024-12-01 22:54:10.850256,37.070354,-102.877364,16.6,48.5,55.9
8,2024-12-01 22:40:50.850261,37.336535,-103.226799,21.2,55.2,31.1
5,2024-12-01 23:03:07.850266,37.591756,-103.381192,23.6,58.8,84.7
9,2024-12-01 23:23:26.850270,39.412768,-103.596583,20.3,45.0,62.3
4,2024-12-01 23:22:09.850275,38.73926,-103.300926,26.7,63.1,99.4
10,2024-12-01 23:02:44.850280,39.208533,-103.0502,28.4,48.4,71.4
8,2024-12-01 23:18:24.850285,39.718023,-104.542608,28.0,52.0,67.3
1,2024-12-01 22:39:23.850290,39.408984,-102.08206,28.4,50.3,36.8
6,2024-12-01 23:02:21.850295,39.10122,-102.517247,23.8,62.4,11.2
6,2024-12-01 22:40:18.850300,38.597519,-102.683474,19.0,32.6,21.0
5,2024-12-01 22:47:53.850305,38.715968,-104.958641,27.8,59.4,22.2
6,2024-12-01 22:52:05.850309,37.451944,-104.659415,28.5,44.8,11.7
5,2024-12-01 23:05:52.850314,38.946843,-104.963531,23.9,40.2,78.0
2,2024-12-01 23:26:34.850319,37.700785,-104.323,18.9,69.9,33.4
9,2024-12-01 22:47:44.850324,38.944942,-103.263389,23.4,33.7,69.8
2,2024-12-01 22:56:53.850328,39.965003,-102.867048,24.8,46.9,7.9
6,2024-12-01 22:54:00.850333,38.170357,-103.261791,26.3,50.7,42.7
6,2024-12-01 22:53:34.850347,38.428536,-102.747019,17.7,33.8,28.3
1,2024-12-01 23:19:00.850358,39.181345,-102.084657,26.4,58.1,27.5
10,2024-12-01 22:48:55.850363,38.89047,-103.505394,23.6,58.7,21.7
2,2024-12-01 23:09:38.850368,39.821551,-102.282648,26.1,43.4,5.5
5,2024-12-01 23:26:36.850373,39.83741,-102.508742,20.5,51.8,27.0
5,2024-12-01 23:24:56.850378,37.314383,-104.644667,19.1,69.0,59.5
7,2024-12-01 23:29:54.850382,37.250596,-102.761756,25.1,63.8,57.5
1,2024-12-01 23:30:03.850387,38.886404,-104.168517,17.3,43.3,67.9
2,2024-12-01 22:46:28.850392,38.596298,-102.577708,21.3,47.7,56.3
7,2024-12-01 23:15:48.850396,39.750837,-102.003242,21.3,41.4,7.4
3,2024-12-01 23:19:36.850401,38.26511,-104.175131,16.5,38.7,79.4
3,2024-12-01 23:36:37.850406,39.014712,-104.618081,24.1,36.5,69.9
5,2024-12-01 22:43:12.850410,38.461559,-102.579731,29.9,60.1,16.7
8,2024-12-01 23:11:41.850415,39.42416,-102.941789,18.0,43.6,2.3
4,2024-12-01 23:32:43.850420,39.883594,-104.133848,16.1,66.5,72.7
1,2024-12-01 23:02:51.850424,37.613731,-104.522083,26.4,63.4,77.0
3,2024-12-01 23:17:21.850429,38.898596,-104.113207,27.5,30.7,80.5
8,2024-12-01 22:49:02.850434,38.788614,-104.411117,18.1,36.4,75.6
9,2024-12-01 22:49:31.850439,39.69184,-103.652055,22.8,65.0,76.4
10,2024-12-01 23:03:31.850444,37.23986,-103.296211,22.8,55.7,16.3
4,2024-12-01 23:01:48.850493,37.175827,-103.639623,27.8,32.4,99.2
9,2024-12-01 23:26:22.850500,37.622183,-104.884308,21.5,31.0,55.5
8,2024-12-01 22:55:10.850505,38.324477,-104.858244,29.9,49.4,27.8
5,2024-12-01 22:42:08.850510,39.598865,-104.607117,27.1,63.4,92.6
1,2024-12-01 23:20:20.850515,38.005817,-102.323613,29.7,53.3,50.5
6,2024-12-01 23:27:53.850520,37.580338,-103.146681,21.6,32.8,16.7
10,2024-12-01 23:15:05.850525,37.811002,-103.254077,18.8,34.2,49.1
8,2024-12-01 22:37:43.850530,39.407956,-104.265017,19.1,35.1,90.6
8,2024-12-01 23:01:46.850535,38.045906,-104.547183,25.5,42.9,91.4
3,2024-12-01 23:11:07.850539,37.390601,-103.545322,25.2,35.7,21.1
3,2024-12-01 22:46:05.850544,38.96489,-104.304719,19.5,67.4,61.4
7,2024-12-01 23:28:01.850549,39.665141,-103.495686,20.7,66.1,20.2
10,2024-12-01 23:27:35.850553,38.52811,-103.996399,22.4,62.9,3.5
6,2024-12-01 22:58:21.850558,38.937879,-104.038319,24.0,49.1,55.9
2,2024-12-01 23:27:13.850563,38.961912,-103.72722,19.0,33.3,23.7
8,2024-12-01 22:56:00.850567,37.117619,-103.469315,22.8,42.0,42.8
2,2024-12-01 23:25:56.850572,37.987691,-104.141787,20.3,54.3,20.8
6,2024-12-01 23:10:46.850577,39.37275,-103.264556,29.1,50.4,78.6
1,2024-12-01 22:58:53.850582,38.192679,-102.860144,23.6,51.6,4.4
1,2024-12-01 22:40:51.850587,39.347301,-104.75819,23.1,63.4,15.6
2,2024-12-01 23:00:54.850591,39.849957,-104.640744,29.8,37.9,3.4
2,2024-12-01 22:53:09.850596,38.765468,-104.047857,29.1,32.5,86.6
9,2024-12-01 22:59:03.850600,38.469016,-102.899243,25.2,60.9,24.3
3,2024-12-01 23:30:45.850605,37.938837,-102.917753,28.3,34.1,95.6
3,2024-12-01 23:01:13.850610,37.372836,-103.742465,23.1,38.8,32.5
10,2024-12-01 23:13:09.850698,37.405169,-104.194507,15.5,62.8,54.2
2,2024-12-01 23:19:48.850709,39.619326,-104.470347,20.7,33.9,49.8
4,2024-12-01 23:24:36.850715,38.871949,-104.492602,17.7,48.7,70.9
3,2024-12-01 23:03:21.850721,38.978509,-104.336614,24.3,40.7,46.2
7,2024-12-01 23:28:14.850726,39.753313,-104.793177,18.6,30.1,99.9
10,2024-12-01 23:35:26.850731,37.528079,-103.889938,25.0,54.4,41.4
7,2024-12-01 22:45:59.850737,39.622696,-103.31809,22.1,62.9,52.0
10,2024-12-01 22:37:37.850742,38.152587,-103.792595,28.3,68.4,33.3
4,2024-12-01 22:55:07.850747,37.104471,-103.744325,27.8,40.7,62.2
2,2024-12-01 22:40:28.850753,37.71428,-104.888562,22.7,51.7,16.5
4,2024-12-01 22:57:57.850758,37.810948,-102.528429,22.6,61.4,5.4
5,2024-12-01 23:20:46.850763,38.676784,-102.387907,19.5,46.2,40.0
8,2024-12-01 22:53:38.850768,39.391409,-102.909125,20.7,61.7,41.8
10,2024-12-01 22:50:05.850773,38.62199,-103.073702,17.3,57.9,34.0
8,2024-12-01 23:00:00.850777,37.856805,-104.466034,27.4,69.3,8.2
1,2024-12-01 23:31:04.850783,39.433856,-104.067521,20.0,46.8,77.4
4,2024-12-01 22:38:39.850787,39.320517,-102.886642,29.4,42.4,86.0
6,2024-12-01 23:30:53.850792,38.59438,-104.290807,24.5,68.8,44.5
6,2024-12-01 23:31:41.850797,38.302178,-102.404388,20.9,48.2,69.4
5,2024-12-01 23:15:28.850802,38.123062,-102.411698,25.7,48.7,39.9
5,2024-12-01 23:18:04.850807,39.460705,-102.600409,19.1,48.5,94.1
6,2024-12-01 22:40:22.850812,39.161106,-103.802969,27.9,43.9,35.4
3,2024-12-01 23:16:23.850816,37.331079,-102.006934,15.8,43.6,9.7
9,2024-12-01 23:06:24.850821,38.11311,-102.880359,17.4,63.5,29.0
4,2024-12-01 23:34:52.850826,38.039128,-103.166635,19.2,67.4,35.4
6,2024-12-01 22:48:35.850831,39.029895,-102.592081,15.6,35.1,27.0
9,2024-12-01 23:22:48.850836,37.718984,-104.410822,27.1,44.9,77.4
10,2024-12-01 23:11:17.850844,37.332722,-104.22737,17.8,36.4,24.6
10,2024-12-01 23:12:08.850850,37.26424,-102.734316,29.8,58.5,85.8
10,2024-12-01 23:22:20.850855,39.549086,-103.247394,20.1,49.3,40.1
4,2024-12-01 23:22:30.850860,38.211467,-103.156196,18.2,57.3,1.8
1,2024-12-01 23:34:27.850865,37.669782,-104.082507,25.4,56.5,93.4
7,2024-12-01 23:34:12.850870,39.988803,-102.858309,26.0,69.6,31.9
6,2024-12-01 22:47:43.850874,37.34943,-104.037314,21.5,39.4,43.1
7,2024-12-01 23:12:56.850879,38.43659,-102.096521,24.1,44.2,49.5
7,2024-12-01 23:06:20.850884,39.295675,-104.429223,24.9,32.6,84.7
4,2024-12-01 23:20:48.850891,39.76146,-104.982585,25.2,34.1,86.1
4,2024-12-01 22:53:45.850896,38.25129,-103.065053,24.6,61.0,16.4
6,2024-12-01 22:46:46.850901,37.94918,-104.963119,15.3,30.3,61.2
10,2024-12-01 23:33:22.850906,39.49395,-102.099979,17.4,34.8,5.3
3,2024-12-01 23:05:26.850910,37.003193,-104.242311,23.3,62.6,84.7
10,2024-12-01 23:26:13.850915,39.746666,-104.429369,23.1,36.2,35.1
2,2024-12-01 23:05:41.850920,39.247142,-103.964385,22.2,69.4,21.4
1,2024-12-01 22:50:57.850925,37.931359,-102.185321,20.9,45.2,34.7
3,2024-12-01 23:34:59.850929,37.10352,-104.163625,28.3,60.7,59.6
2,2024-12-01 23:31:35.850934,38.337535,-102.543283,24.2,59.7,85.5
8,2024-12-01 23:17:10.850939,38.113015,-103.039265,15.6,57.1,36.6
3,2024-12-01 23:17:17.850944,39.333821,-103.457405,21.1,37.4,15.0
9,2024-12-01 23:33:49.850948,39.268384,-103.698442,26.1,32.0,9.7
2,2024-12-01 22:37:14.850953,39.98022,-102.869812,16.9,59.2,54.3
3,2024-12-01 22:37:07.850958,37.202537,-103.697696,16.2,66.6,24.2
6,2024-12-01 23:18:26.850963,39.338341,-103.583769,19.9,50.4,49.7
10,2024-12-01 22:38:02.850967,38.135837,-102.579278,25.2,42.1,54.1
4,2024-12-01 23:11:35.850972,38.270639,-103.276192,20.9,43.9,67.6
10,2024-12-01 22:57:53.850977,38.270321,-102.044605,23.4,46.6,30.0
1,2024-12-01 23:20:14.850981,37.209336,-103.270778,23.2,47.8,60.4
8,2024-12-01 22:57:10.850986,39.962163,-102.305593,19.1,55.1,23.3
2,2024-12-01 23:20:29.850991,38.087762,-104.1544,27.4,55.3,20.4
9,2024-12-01 23:01:56.850995,38.993226,-103.621418,27.7,33.3,61.2
4,2024-12-01 23:33:54.851000,39.037675,-103.323837,19.9,46.9,55.3
9,2024-12-01 22:53:37.851005,37.308737,-104.191742,16.2,52.9,2.9
2,2024-12-01 23:13:20.851009,38.507914,-103.047142,22.9,40.2,0.6
7,2024-12-01 22:43:21.851014,37.037845,-104.302116,24.8,45.6,73.2
5,2024-12-01 23:07:18.851018,38.597407,-102.111747,20.0,69.2,24.1
4,2024-12-01 23:24:45.851023,38.130105,-104.091771,17.4,49.2,53.8
4,2024-12-01 23:07:29.851028,37.610123,-104.672561,20.9,45.4,93.0
3,2024-12-01 22:49:28.851032,38.573884,-102.178563,29.6,58.3,59.1
1,2024-12-01 23:04:49.851037,39.036499,-102.894083,28.4,70.0,74.1
7,2024-12-01 23:30:16.851041,39.191771,-104.199048,24.6,68.6,14.2
10,2024-12-01 23:07:16.851046,39.118636,-104.786814,28.2,68.4,17.6
2,2024-12-01 23:26:31.851051,39.618476,-104.46054,27.3,45.1,45.4
7,2024-12-01 23:34:19.851055,38.812738,-103.408505,27.3,32.2,97.8
8,2024-12-01 22:57:38.851060,39.80663,-104.562939,20.0,30.8,81.8
10,2024-12-01 23:09:10.851064,38.329208,-104.018474,25.4,66.2,7.2
8,2024-12-01 22:56:20.851069,38.03978,-103.574416,29.3,53.9,24.3
2,2024-12-01 22:44:07.851074,38.274135,-104.925915,16.9,34.2,25.3
5,2024-12-01 23:12:49.851078,38.888614,-104.257829,29.9,55.9,75.4
3,2024-12-01 22:39:22.851083,39.707753,-103.927085,27.6,49.6,61.0
6,2024-12-01 23:02:14.851088,38.174903,-102.467457,26.7,36.6,4.1
4,2024-12-01 23:34:41.851093,38.664707,-104.733755,19.0,33.0,32.6
2,2024-12-01 22:48:39.851097,38.780025,-103.309262,26.3,36.8,88.8
1,2024-12-01 23:19:15.851102,39.647965,-102.398309,19.8,42.0,19.3
6,2024-12-01 23:20:21.851107,38.056691,-103.131649,17.8,40.6,52.4
3,2024-12-01 22:51:13.851111,39.456087,-103.70987,23.6,46.7,43.2
4,2024-12-01 22:45:57.851117,37.920887,-103.024206,21.8,44.6,88.7
6,2024-12-01 22:59:01.851122,38.134054,-104.306725,17.3,34.1,59.3
9,2024-12-01 22:56:28.851126,39.029274,-102.847018,27.2,49.7,92.8
7,2024-12-01 22:42:00.851131,38.54167,-102.853943,27.2,55.6,97.5
6,2024-12-01 22:38:17.851136,37.471415,-102.713322,25.7,31.2,15.4
1,2024-12-01 23:33:26.851140,39.903907,-104.996347,21.4,34.7,15.7
8,2024-12-01 23:31:00.851145,39.839477,-102.18259,16.8,37.8,36.0
7,2024-12-01 22:50:07.851149,38.158778,-102.273867,26.7,69.4,46.5
10,2024-12-01 23:05:08.851154,37.5577,-102.31549,23.3,52.2,86.7
4,2024-12-01 23:00:58.851160,39.108347,-103.839836,20.8,56.1,39.2
6,2024-12-01 23:16:22.851164,37.259521,-103.202222,25.0,58.4,21.6
1,2024-12-01 22:55:44.851169,37.749536,-104.876624,23.5,60.0,63.5
2,2024-12-01 22:52:03.851173,39.194138,-102.931098,25.4,47.1,66.9
3,2024-12-01 23:10:42.851178,38.759094,-104.905105,24.3,48.0,16.7
10,2024-12-01 23:36:34.851183,38.297899,-102.22113,21.8,39.2,96.5
2,2024-12-01 23:21:34.851187,38.420112,-104.741683,29.1,52.6,44.1
9,2024-12-01 23:20:21.851192,38.823957,-102.049166,23.4,36.9,48.7
9,2024-12-01 23:33:16.851197,38.596273,-103.556827,24.5,68.4,1.8
7,2024-12-01 22:44:58.851201,39.716899,-102.610566,15.5,63.7,36.2
5,2024-12-01 22:50:49.851206,37.736732,-102.943816,23.4,47.1,79.0
1,2024-12-01 23:13:38.851210,37.35556,-102.692397,29.9,41.9,7.3
2,2024-12-01 23:22:03.851215,39.217351,-102.796603,29.2,35.1,72.6
6,2024-12-01 23:25:15.851220,39.815825,-103.376126,21.9,65.3,31.4
4,2024-12-01 22:42:44.851224,39.226194,-103.583846,27.9,53.6,70.3
2,2024-12-01 22:41:19.851229,38.734133,-104.737125,18.0,36.8,55.1
3,2024-12-01 22:46:35.851233,37.222031,-104.599268,27.8,67.5,48.7
4,2024-12-01 22:38:10.851238,39.843891,-103.106279,22.4,48.6,10.2
4,2024-12-01 23:04:38.851243,39.499557,-104.773292,19.9,68.0,57.4
8,2024-12-01 23:36:44.851247,38.795232,-103.569752,29.9,65.3,41.7
6,2024-12-01 23:21:44.851252,39.223405,-103.341162,24.1,65.7,10.1
1,2024-12-01 23:27:44.851257,39.358703,-104.51044,15.9,40.9,24.1
8,2024-12-01 22:57:31.851261,38.354786,-102.961792,19.3,53.9,4.4
1,2024-12-01 23:05:42.851266,38.731456,-103.888292,17.5,36.8,72.8
3,2024-12-01 23:08:24.851270,39.262781,-104.738108,19.7,41.9,9.0
7,2024-12-01 23:03:18.851275,37.284052,-102.75142,18.3,56.8,39.6
7,2024-12-01 22:43:23.851279,37.823226,-103.314751,21.3,67.3,12.3
3,2024-12-01 22:47:54.851284,39.774252,-102.677603,18.1,60.6,51.4
4,2024-12-01 23:31:20.851289,37.875444,-103.644197,20.8,43.3,71.1
8,2024-12-01 23:02:06.851293,38.007746,-102.145385,26.5,48.9,52.5
9,2024-12-01 23:28:42.851298,39.347461,-103.847191,16.6,35.6,23.9
6,2024-12-01 23:19:15.851302,37.566113,-104.504427,27.6,63.3,98.6
10,2024-12-01 23:24:16.851307,38.492523,-104.861147,23.5,62.9,75.9
1,2024-12-01 23:23:58.851312,38.683624,-103.36903,22.0,55.2,59.8
6,2024-12-01 22:55:30.851317,39.854019,-104.470526,17.3,31.1,87.3
3,2024-12-01 22:50:45.851322,38.250712,-104.590836,23.7,60.2,79.5
6,2024-12-01 22:50:59.851329,38.732039,-104.607921,16.7,44.1,75.9
8,2024-12-01 23:22:03.851334,39.391284,-103.647642,19.8,36.2,1.4
6,2024-12-01 23:30:45.851338,37.845866,-104.771065,25.2,52.6,19.2
7,2024-12-01 22:51:41.851343,38.670256,-104.92669,23.3,50.7,0.3
3,2024-12-01 22:45:30.851348,38.326902,-103.092278,17.4,45.5,64.9
4,2024-12-01 22:53:03.851352,37.06505,-102.58122,18.5,47.1,26.4
9,2024-12-01 22:55:09.851357,39.405174,-104.155316,29.5,58.2,93.0
2,2024-12-01 23:23:56.851361,38.981858,-104.549063,15.8,54.7,46.3
1,2024-12-01 22:46:53.851366,38.756198,-104.158226,15.1,44.7,57.0
8,2024-12-01 22:40:10.851371,38.6284,-103.174172,27.3,51.2,88.7
1,2024-12-01 22:37:47.851375,38.295066,-102.290512,17.3,60.3,47.4
4,2024-12-01 22:45:29.851380,37.73502,-104.325044,29.8,62.9,41.8
4,2024-12-01 23:01:31.851385,37.297682,-102.788562,25.2,64.1,92.0
9,2024-12-01 22:47:06.851389,37.946557,-102.631441,22.5,53.7,2.7
4,2024-12-01 23:04:52.851394,37.515071,-102.491582,27.0,49.3,53.0
5,2024-12-01 22:45:46.851399,37.424447,-103.667231,19.1,52.3,79.8
1,2024-12-01 22:38:36.851403,37.146425,-103.30973,24.5,34.3,88.4
7,2024-12-01 23:34:48.851408,38.545706,-103.007306,26.2,52.3,23.0
8,2024-12-01 22:52:05.851412,37.784547,-103.583758,24.1,46.4,48.4
9,2024-12-01 23:32:02.851417,39.909982,-104.951298,20.5,42.4,54.9
4,2024-12-01 23:24:59.851422,38.512747,-104.030909,21.1,51.3,59.0
3,2024-12-01 23:00:13.851426,38.642515,-103.653639,25.8,49.4,42.7
8,2024-12-01 22:48:41.851431,37.021021,-103.294097,19.7,67.6,18.7
4,2024-12-01 23:08:38.851435,39.294723,-104.967932,21.4,38.2,41.0
8,2024-12-01 23:09:47.851440,39.672977,-103.006577,24.8,66.5,83.8
6,2024-12-01 22:48:41.851444,39.223738,-103.434112,17.6,58.6,48.8
4,2024-12-01 23:14:31.851449,38.246047,-103.893731,16.5,30.3,85.2
7,2024-12-01 23:23:23.851454,38.123198,-102.882794,15.6,39.6,28.5
7,2024-12-01 23:17:27.851459,38.341886,-103.593129,21.2,57.2,27.0
10,2024-12-01 22:42:17.851463,38.854007,-103.95089,19.2,47.1,38.2
10,2024-12-01 22:56:48.851468,37.389367,-104.013001,21.3,44.2,97.9
7,2024-12-01 22:38:05.851472,38.773056,-103.608267,22.6,53.5,82.2
1,2024-12-01 22:48:01.851477,39.557982,-102.504203,28.2,61.9,88.9
5,2024-12-01 22:56:05.851482,39.609474,-103.206584,29.7,65.1,18.0
9,2024-12-01 23:00:33.851488,39.085093,-103.088114,20.1,52.5,50.0
3,2024-12-01 22:38:24.851493,38.977302,-104.254752,29.5,56.2,92.4
2,2024-12-01 23:26:00.851498,39.824693,-102.680054,17.3,44.5,42.9
10,2024-12-01 22:56:05.851502,39.392099,-104.590754,25.2,35.7,36.1
5,2024-12-01 22:39:42.851507,39.175625,-103.57784,23.8,57.2,87.9
3,2024-12-01 22:45:37.851512,38.190625,-103.091691,18.9,46.1,63.8
3,2024-12-01 23:05:59.851516,39.503214,-104.106426,28.5,40.8,62.3
4,2024-12-01 23:09:19.851521,39.192302,-104.946841,28.2,44.7,98.3
6,2024-12-01 23:21:55.851525,37.311276,-103.137183,22.1,57.2,98.0
1,2024-12-01 23:10:06.851530,39.515883,-102.385283,20.8,52.5,63.8
10,2024-12-01 22:48:46.851535,39.936968,-102.769575,15.3,58.6,15.1
2,2024-12-01 22:37:03.851539,39.227962,-104.185598,17.7,60.0,82.1
8,2024-12-01 23:03:25.851544,39.956272,-103.948139,25.3,51.4,23.4
4,2024-12-01 23:04:22.851549,38.301695,-103.069571,23.3,59.9,84.2
8,2024-12-01 22:41:12.851554,39.932711,-103.828594,21.1,39.8,53.7
5,2024-12-01 22:47:57.851559,38.577054,-104.484996,24.1,35.1,18.9
2,2024-12-01 23:27:42.851563,38.449498,-102.183196,29.4,40.8,40.0
5,2024-12-01 23:33:00.851568,37.624626,-103.996306,24.0,52.3,31.2
6,2024-12-01 23:06:53.851573,39.366875,-104.293367,20.1,31.7,45.4
6,2024-12-01 22:56:57.851577,37.848766,-102.667615,19.9,62.0,96.7
3,2024-12-01 23:33:36.851582,39.496184,-104.464486,16.5,39.6,82.5
1,2024-12-01 23:25:34.851587,38.09006,-103.474229,29.3,68.0,57.6
9,2024-12-01 23:27:37.851591,38.026808,-102.875412,22.3,31.2,71.9
1,2024-12-01 23:11:45.851596,37.17928,-102.143102,16.9,41.0,53.4
9,2024-12-01 22:39:13.851600,37.9811,-103.181758,18.3,45.6,16.5
1,2024-12-01 22:50:20.851605,38.378847,-104.156511,24.9,65.0,82.9
8,2024-12-01 23:05:30.851610,38.098049,-102.220205,23.2,64.9,7.2
2,2024-12-01 23:24:15.851614,38.4879,-102.184112,26.8,32.2,83.2
4,2024-12-01 23:24:53.851619,38.650346,-104.829366,16.1,41.6,0.5
1,2024-12-01 22:58:04.851624,38.089564,-103.438865,22.2,67.4,49.6
2,2024-12-01 22:38:31.851629,38.154576,-104.859019,19.7,56.6,6.5
2,2024-12-01 23:21:13.851633,39.873403,-104.707031,21.0,42.8,81.8
7,2024-12-01 22:41:16.851638,39.368326,-102.444507,21.5,57.6,50.0
10,2024-12-01 23:27:00.851642,39.722375,-104.806502,29.6,68.1,91.5
10,2024-12-01 22:46:21.851647,38.189076,-102.93866,28.4,48.1,65.9
3,2024-12-01 23:13:15.851652,39.74904,-103.177094,15.9,61.8,94.4
8,2024-12-01 23:30:33.851656,39.823279,-103.166696,19.0,31.0,39.4
1,2024-12-01 23:08:32.851661,38.806144,-102.247391,22.3,58.0,22.9
1,2024-12-01 22:50:02.851666,39.525767,-104.900269,19.1,37.1,93.0
5,2024-12-01 23:26:00.851670,39.996788,-102.34373,19.1,43.2,55.8
7,2024-12-01 23:01:53.851675,37.972625,-104.959022,20.9,44.5,69.1
6,2024-12-01 22:51:21.851680,39.148626,-104.549785,23.5,62.6,76.3
4,2024-12-01 23:28:23.851684,39.840468,-102.470886,23.9,35.1,80.8
4,2024-12-01 23:28:00.851689,37.430954,-102.832052,18.9,38.4,26.7
5,2024-12-01 22:54:49.851693,37.282697,-104.649991,22.1,30.1,71.2
7,2024-12-01 23:31:24.851698,38.661398,-103.545514,22.3,61.9,69.5
1,2024-12-01 22:38:09.851705,38.005852,-104.09174,18.5,50.8,64.0
10,2024-12-01 23:23:25.851709,39.342403,-103.906104,18.8,33.4,7.2
5,2024-12-01 23:00:34.851714,39.21921,-103.810003,24.7,37.3,79.3
5,2024-12-01 23:15:47.851719,39.358516,-104.139587,23.1,35.6,32.3
7,2024-12-01 22:49:43.851723,38.805736,-103.626367,28.7,31.4,45.3
8,2024-12-01 23:05:03.851728,38.503073,-104.760171,17.7,43.8,91.1
1,2024-12-01 22:59:52.851733,39.486001,-103.380023,19.8,64.3,55.3
3,2024-12-01 23:00:23.851737,39.914568,-103.74894,17.9,49.6,81.1
6,2024-12-01 23:12:49.851742,37.017057,-103.512342,28.4,45.9,91.3
9,2024-12-01 22:38:36.851746,38.085186,-104.737921,18.3,33.3,99.0
4,2024-12-01 23:26:51.851751,39.965665,-102.437073,18.9,46.3,89.5
10,2024-12-01 22:47:59.851755,37.884724,-103.672771,22.7,37.0,21.2
9,2024-12-01 23:16:32.851760,38.118462,-104.01081,19.3,68.5,5.5
3,2024-12-01 23:28:38.851765,38.027404,-103.217138,18.1,55.1,30.4
4,2024-12-01 23:33:57.851769,38.244719,-102.024708,28.6,33.5,37.9
1,2024-12-01 23:19:04.851774,37.191371,-104.823951,17.6,47.8,47.5
6,2024-12-01 23:32:59.851779,37.998134,-102.163921,27.3,41.9,66.0
6,2024-12-01 22:43:56.851784,37.9166,-102.750745,17.7,34.1,40.4
5,2024-12-01 23:16:02.851788,38.81356,-102.671103,27.6,66.1,20.2
9,2024-12-01 22:58:25.851793,39.347306,-104.333875,20.1,65.3,34.7
2,2024-12-01 23:33:29.851797,39.508772,-103.339108,27.0,32.1,43.1
9,2024-12-01 23:30:54.851802,39.904928,-103.177057,20.9,36.3,90.5
3,2024-12-01 23:16:50.851809,37.998131,-103.633657,27.1,44.2,22.3
2,2024-12-01 23:32:15.851813,39.743531,-102.909554,28.6,64.2,59.9
9,2024-12-01 23:31:15.851818,39.276831,-102.772029,29.2,67.2,19.4
5,2024-12-01 23:29:44.851822,37.757506,-103.529983,16.7,59.8,7.2
4,2024-12-01 23:36:36.851827,37.375505,-103.571565,25.6,35.2,39.1
5,2024-12-01 23:20:11.851831,37.847302,-103.696924,18.8,42.2,89.2
3,2024-12-01 22:53:41.851836,39.604931,-104.014881,17.1,54.7,88.1
10,2024-12-01 23:11:17.851841,39.827484,-102.422349,21.2,41.2,27.2
6,2024-12-01 22:40:38.851845,39.486636,-102.467365,19.6,39.7,8.7
7,2024-12-01 23:03:12.851850,39.798449,-103.419519,29.7,50.6,82.2
8,2024-12-01 23:02:05.851855,38.490516,-104.209963,15.0,40.0,49.6
5,2024-12-01 23:35:45.851859,37.442966,-103.447739,25.7,63.5,70.7
8,2024-12-01 23:09:52.851864,37.0787,-104.905143,16.4,41.2,26.9
4,2024-12-01 22:58:09.851868,39.565494,-103.895674,17.2,54.1,64.2
3,2024-12-01 23:07:37.851873,38.465302,-103.243699,22.1,33.9,85.5
7,2024-12-01 22:46:12.851878,39.495659,-104.755812,22.6,46.2,7.9
1,2024-12-01 23:27:55.851882,38.988586,-102.829052,25.8,56.0,97.6
2,2024-12-01 22:44:12.851887,38.297992,-104.97509,20.3,65.1,27.0
6,2024-12-01 23:02:06.851892,37.2408,-103.715987,28.0,40.2,55.3
3,2024-12-01 22:45:09.851896,37.573389,-102.166494,22.1,66.9,50.7
8,2024-12-01 23:25:32.851901,37.589905,-104.649298,22.2,30.7,96.6
6,2024-12-01 23:10:35.851906,39.142591,-104.807209,22.0,38.8,95.4
7,2024-12-01 23:04:47.851910,37.960941,-104.389142,18.0,38.9,79.7
6,2024-12-01 23:26:23.851915,39.376264,-102.381006,27.8,57.6,95.1
8,2024-12-01 22:38:00.851920,38.479382,-104.272071,18.0,43.0,22.5
1,2024-12-01 22:54:21.851925,39.58631,-103.243326,17.4,44.7,55.5
3,2024-12-01 23:33:02.851930,37.067293,-102.52801,27.2,61.2,47.5
3,2024-12-01 22:50:13.851934,39.479443,-104.786621,16.9,70.0,35.5
7,2024-12-01 23:18:20.851939,39.11888,-103.350254,23.4,31.2,43.4
8,2024-12-01 22:59:56.851944,38.087961,-104.392797,17.0,30.6,83.2
3,2024-12-01 22:42:04.851948,39.038322,-103.79221,27.5,51.1,8.4
5,2024-12-01 23:36:49.851953,37.140358,-103.760981,26.1,37.0,13.3
10,2024-12-01 23:26:17.851957,39.91643,-102.661195,20.2,56.7,82.1
10,2024-12-01 23:32:36.851962,39.611898,-104.52928,27.6,38.5,95.0
9,2024-12-01 22:48:25.851967,37.538017,-104.358035,16.2,57.2,85.1
2,2024-12-01 23:28:06.851971,37.227132,-102.577176,25.8,67.4,44.7
8,2024-12-01 23:34:21.851976,39.383254,-103.151982,22.5,65.7,76.6
9,2024-12-01 23:05:02.851980,38.967558,-104.740853,19.1,42.8,70.5
1,2024-12-01 22:37:15.851985,38.997187,-104.328364,26.1,30.6,15.2
1,2024-12-01 23:23:36.851990,37.086939,-103.183516,20.3,33.7,41.8
8,2024-12-01 22:58:29.851994,39.761766,-104.579625,19.4,48.5,12.6
3,2024-12-01 23:35:52.851999,37.32034,-102.825568,22.0,62.0,58.8
5,2024-12-01 22:52:08.852004,37.184053,-103.123331,28.2,30.4,38.2
10,2024-12-01 23:07:51.852009,39.997666,-104.259903,25.9,58.7,27.1
7,2024-12-01 22:56:05.852014,37.941103,-102.352836,29.9,51.7,36.6
4,2024-12-01 22:53:29.852019,39.265949,-102.700872,18.1,48.9,79.2
7,2024-12-01 22:51:54.852023,37.66924,-104.757007,23.1,45.2,72.2
7,2024-12-01 22:38:48.852028,37.296575,-103.541817,22.4,53.8,77.5
8,2024-12-01 22:39:25.852033,38.170636,-103.889191,17.4,32.6,69.4
3,2024-12-01 22:42:24.852038,38.480137,-104.532345,28.5,30.3,34.9
6,2024-12-01 23:01:46.852042,39.04661,-103.176531,20.4,53.0,66.6
9,2024-12-01 22:50:09.852047,37.130715,-102.69936,15.6,68.5,33.3
5,2024-12-01 22:55:46.852051,39.245244,-103.467183,23.5,65.8,54.2
8,2024-12-01 23:05:10.852056,39.428651,-102.412547,28.6,66.6,38.1
7,2024-12-01 23:33:32.852060,37.760248,-103.55273,22.4,42.0,69.0
7,2024-12-01 22:38:48.852065,39.486027,-104.619199,19.0,60.4,3.8
5,2024-12-01 23:13:55.852069,39.863264,-102.449723,18.8,36.4,31.2
4,2024-12-01 22:45:00.852074,39.207658,-104.654826,28.5,49.2,69.9
4,2024-12-01 22:49:02.852079,37.878435,-104.741782,18.9,37.5,64.4
4,2024-12-01 22:58:25.852084,39.890229,-104.587597,28.9,58.9,93.0
2,2024-12-01 23:08:27.852092,38.009503,-102.907864,20.4,59.2,9.8
9,2024-12-01 22:45:23.852096,37.757724,-104.065067,15.9,68.3,27.1
1,2024-12-01 23:23:17.852101,38.490124,-104.656465,17.1,44.6,25.0
4,2024-12-01 23:21:48.852105,37.32982,-104.249863,22.5,39.8,76.0
7,2024-12-01 22:39:18.852110,37.646982,-103.371204,15.6,45.7,54.8
7,2024-12-01 22:52:26.852115,37.548423,-102.753224,20.7,34.8,37.5
7,2024-12-01 23:10:38.852119,37.847302,-104.192882,25.8,35.0,12.7
6,2024-12-01 23:18:37.852124,39.910191,-104.276552,18.7,37.5,17.3
7,2024-12-01 22:43:04.852128,39.746342,-103.232984,29.4,34.3,7.9
7,2024-12-01 23:21:19.852133,39.185507,-103.476984,18.9,62.7,42.5
9,2024-12-01 23:11:31.852137,39.29768,-103.668764,25.3,36.4,49.4
9,2024-12-01 22:54:59.852142,37.886789,-103.16825,29.7,48.4,43.9
9,2024-12-01 23:25:30.852146,37.584741,-102.444579,15.3,60.6,19.0
5,2024-12-01 22:49:18.852151,38.830431,-102.149435,23.8,58.3,26.5
10,2024-12-01 23:10:39.852156,39.468397,-102.291837,16.1,47.7,73.5
7,2024-12-01 22:58:25.852161,39.965924,-103.013533,17.5,43.5,18.1
8,2024-12-01 22:47:25.852165,39.361318,-104.432148,19.2,62.2,16.8
2,2024-12-01 23:23:26.852170,37.99416,-102.330716,28.9,61.3,94.5
10,2024-12-01 22:58:22.852174,38.488347,-103.34353,29.8,54.0,50.3
3,2024-12-01 23:13:23.852179,39.868369,-104.462193,15.6,50.8,88.0
2,2024-12-01 22:39:59.852184,39.452314,-103.432843,29.0,45.4,38.7
5,2024-12-01 22:37:48.852188,37.703103,-103.095851,18.6,62.0,87.8
7,2024-12-01 23:06:24.852193,38.99399,-102.262362,25.3,33.2,90.7
2,2024-12-01 22:59:01.852197,38.610291,-103.435763,18.8,53.0,90.8
10,2024-12-01 23:00:49.852202,39.829103,-102.829697,16.3,38.9,83.6
2,2024-12-01 23:33:53.852207,38.14375,-103.94722,25.9,30.3,52.7
9,2024-12-01 23:35:06.852212,38.50802,-103.813706,21.6,65.9,29.4
4,2024-12-01 23:11:14.852216,39.926762,-104.56054,21.6,51.6,44.7
9,2024-12-01 23:27:13.852221,39.534828,-104.31519,29.3,63.7,78.0
8,2024-12-01 23:05:57.852225,39.362276,-102.706229,22.9,68.0,86.0
6,2024-12-01 22:58:22.852230,38.361745,-104.24272,26.6,59.8,89.1
10,2024-12-01 22:45:49.852235,37.52524,-102.792729,26.7,59.9,100.0
1,2024-12-01 23:01:31.852240,38.084643,-104.892276,28.5,33.3,32.9
7,2024-12-01 23:28:31.852244,37.594233,-102.021628,29.7,50.9,44.5
8,2024-12-01 22:56:41.852249,37.887307,-104.766599,19.1,41.6,1.9
7,2024-12-01 22:58:58.852254,37.14129,-102.056985,23.0,43.6,87.6
8,2024-12-01 22:41:34.852258,37.136814,-103.051864,16.3,43.6,62.1
6,2024-12-01 23:31:56.852263,39.494882,-103.983926,16.9,37.7,68.1
5,2024-12-01 23:20:35.852267,37.975059,-102.067986,28.2,67.1,84.6
7,2024-12-01 23:29:22.852272,39.795329,-102.294392,23.6,47.8,87.5
10,2024-12-01 22:50:09.852277,38.025185,-102.283003,28.8,45.9,57.1
8,2024-12-01 22:44:14.852281,38.299672,-103.284809,21.7,50.8,77.3
1,2024-12-01 22:57:21.852287,37.431241,-103.569623,23.4,38.1,21.8
9,2024-12-01 22:50:35.852292,39.124153,-103.183583,23.4,66.8,66.6
1,2024-12-01 23:24:05.852296,38.589643,-104.328265,19.6,59.7,23.5
7,2024-12-01 22:39:18.852301,38.689744,-102.800101,23.8,43.7,23.4
1,2024-12-01 22:50:30.852305,37.812098,-102.694442,16.9,52.4,74.0
7,2024-12-01 23:35:03.852310,38.42874,-104.632392,27.2,65.0,22.6
6,2024-12-01 23:14:59.852315,37.950113,-103.811155,23.1,48.4,49.9
5,2024-12-01 23:36:24.852319,37.044519,-102.526289,17.9,69.6,76.2
7,2024-12-01 22:43:25.852324,38.148554,-102.232804,17.7,60.7,25.0
4,2024-12-01 23:31:28.852329,39.261027,-104.065949,25.1,55.2,60.8
1,2024-12-01 23:11:39.852334,38.174076,-103.391472,16.2,34.6,31.4
6,2024-12-01 23:18:53.852338,38.2784,-104.602589,28.0,59.2,9.5
2,2024-12-01 22:42:19.852343,37.281056,-104.061409,20.8,43.8,41.6
1,2024-12-01 23:01:58.852347,37.269887,-103.314892,18.4,40.0,92.2
1,2024-12-01 23:35:15.852352,39.063563,-103.663025,18.6,43.3,16.6
3,2024-12-01 22:56:07.852357,37.183509,-104.960618,18.9,43.8,58.0
10,2024-12-01 23:09:07.852362,38.446594,-104.921735,23.0,32.4,83.1
1,2024-12-01 23:14:02.852366,37.878772,-104.246396,15.9,44.5,64.2
3,2024-12-01 22:53:33.852371,38.653827,-103.354419,16.5,37.1,88.6
7,2024-12-01 23:29:59.852375,39.89748,-103.479596,23.0,38.1,73.2
3,2024-12-01 23:18:06.852380,38.630909,-103.391974,25.0,64.4,98.8
3,2024-12-01 23:12:35.852384,38.766536,-104.238126,25.4,32.4,11.1
4,2024-12-01 23:01:07.852389,39.640965,-104.437808,28.5,48.5,69.9
9,2024-12-01 22:53:29.852394,37.759911,-104.640786,29.0,34.7,87.2
8,2024-12-01 23:25:28.852399,37.172928,-104.474726,18.4,51.6,19.4
1,2024-12-01 23:18:11.852404,37.404525,-102.41084,22.3,46.1,11.6
8,2024-12-01 22:48:33.852409,38.325336,-102.459492,15.4,35.5,70.1
10,2024-12-01 22:55:58.852413,38.124798,-103.168727,15.6,54.1,91.3
9,2024-12-01 23:04:23.852418,39.350727,-103.392915,20.4,62.4,81.7
10,2024-12-01 23:20:38.852423,38.845471,-104.154031,16.2,63.7,76.4
3,2024-12-01 22:58:34.852428,37.501596,-102.116788,20.5,39.5,73.3
7,2024-12-01 22:52:00.852433,39.057638,-104.666138,21.8,40.0,87.8
8,2024-12-01 22:38:29.852437,39.657675,-102.428962,22.7,31.6,74.5
7,2024-12-01 22:47:28.852442,38.465319,-103.423968,23.5,64.5,13.8
6,2024-12-01 22:37:01.852446,37.754303,-104.558327,25.6,68.7,7.0
10,2024-12-01 23:09:23.852451,38.180405,-103.268951,24.2,45.7,94.9
7,2024-12-01 23:10:13.852456,39.258215,-104.83337,21.4,51.0,12.1
3,2024-12-01 23:00:17.852461,39.105657,-103.710298,25.9,61.9,74.7
7,2024-12-01 23:11:45.852466,39.814254,-104.608542,15.2,65.2,86.2
8,2024-12-01 23:12:00.852471,38.644339,-102.43915,20.9,66.7,91.8
5,2024-12-01 23:09:25.852475,37.796141,-102.215803,20.7,67.5,23.1
10,2024-12-01 23:07:21.852480,37.277645,-102.107431,21.9,63.7,33.5
6,2024-12-01 23:16:52.852485,37.555985,-103.833671,24.3,43.9,44.0
3,2024-12-01 23:20:01.852490,37.532296,-104.669101,23.0,39.0,49.4
5,2024-12-01 23:08:02.852494,38.742114,-104.219777,16.1,55.2,29.2
9,2024-12-01 23:27:42.852499,39.657425,-104.875131,21.9,30.8,41.0
8,2024-12-01 23:05:13.852504,39.524533,-104.067621,17.7,37.2,77.4
8,2024-12-01 23:12:35.852508,37.968447,-102.699665,16.8,43.2,96.2
2,2024-12-01 23:19:32.852513,38.03221,-103.973988,21.2,69.7,39.4
4,2024-12-01 23:28:04.852517,39.929698,-103.733855,29.0,57.9,22.4
1,2024-12-01 22:46:58.852522,39.678332,-104.79294,17.5,60.5,70.9
9,2024-12-01 23:17:40.852526,38.805192,-102.467164,18.6,36.0,58.0
8,2024-12-01 23:06:10.852531,39.021428,-104.158577,24.0,40.7,37.3
10,2024-12-01 22:38:08.852536,39.642198,-104.792414,23.0,53.0,33.3
8,2024-12-01 23:22:40.852540,38.699484,-102.050237,20.5,46.3,76.6
5,2024-12-01 22:57:35.852545,39.299968,-102.125101,16.9,55.4,95.4
2,2024-12-01 23:25:04.852549,38.647417,-103.751168,22.8,42.9,97.4
3,2024-12-01 23:27:33.852554,37.135972,-103.803191,18.5,56.6,19.6
8,2024-12-01 23:23:54.852558,37.00732,-102.420954,27.6,58.8,84.6
2,2024-12-01 23:06:51.852563,37.651425,-102.843046,18.4,62.6,10.1
1,2024-12-01 22:56:35.852568,37.459605,-104.89301,25.8,34.2,91.5
10,2024-12-01 22:42:10.852572,39.254947,-102.208384,22.7,41.1,41.6
6,2024-12-01 22:45:43.852577,38.058544,-103.556357,19.1,34.2,88.2
4,2024-12-01 22:46:03.852581,37.385904,-104.134686,29.0,59.7,32.0
5,2024-12-01 22:51:16.852586,37.503248,-103.23758,29.8,57.2,83.5
5,2024-12-01 23:32:46.852591,38.185809,-104.043535,27.8,42.9,57.7
8,2024-12-01 22:46:06.852596,38.767788,-103.093593,26.4,64.7,4.3
3,2024-12-01 23:20:52.852600,37.438773,-104.181418,18.0,57.4,76.1
9,2024-12-01 22:49:14.852605,38.741062,-103.640233,27.3,60.0,99.4
3,2024-12-01 22:38:40.852609,39.949348,-102.084044,29.3,33.7,38.3
4,2024-12-01 23:13:36.852614,37.912554,-102.297454,29.9,46.1,49.3
9,2024-12-01 22:54:31.852619,37.806017,-104.239151,20.3,42.3,40.2
10,2024-12-01 23:06:42.852623,39.932065,-103.687855,28.6,69.6,15.3
4,2024-12-01 23:04:53.852628,38.145982,-104.550538,19.4,68.6,88.0
6,2024-12-01 22:44:36.852633,38.906586,-102.019457,22.3,44.4,3.1
4,2024-12-01 23:24:20.852637,38.819888,-104.598316,25.9,46.5,73.9
7,2024-12-01 22:53:24.852642,37.702727,-103.794515,18.6,67.9,68.3
3,2024-12-01 22:57:11.852647,37.547483,-102.338155,27.7,46.0,68.4
8,2024-12-01 22:53:17.852651,37.130841,-103.405332,26.3,58.8,45.9
4,2024-12-01 23:04:06.852656,38.089921,-104.577668,23.4,48.2,72.7
8,2024-12-01 23:05:57.852661,37.442351,-103.829313,24.8,32.8,82.0
8,2024-12-01 23:03:17.852665,38.595592,-104.745157,28.9,49.4,29.5
9,2024-12-01 22:52:11.852670,38.90088,-102.410577,30.0,60.2,88.1
2,2024-12-01 22:42:22.852674,37.361131,-104.394284,19.5,56.1,50.0
3,2024-12-01 23:07:08.852679,38.809673,-103.632855,28.0,55.1,79.8
4,2024-12-01 23:32:49.852685,39.983347,-103.397857,20.5,35.4,31.3
3,2024-12-01 22:40:39.852690,38.012792,-102.579783,18.3,43.5,56.3
7,2024-12-01 23:13:32.852695,38.639924,-103.855248,28.0,53.5,86.9
8,2024-12-01 23:27:52.852700,39.923012,-104.506939,17.6,68.0,89.5
10,2024-12-01 23:18:47.852704,38.146205,-102.804425,28.8,34.2,56.2
8,2024-12-01 23:05:00.852709,38.381786,-103.053368,24.2,67.8,86.4
4,2024-12-01 23:17:17.852713,38.230496,-104.969202,18.0,38.0,51.7
8,2024-12-01 22:47:49.852718,37.817021,-104.047856,29.2,44.6,62.9
3,2024-12-01 23:12:53.852722,38.228689,-102.230768,27.5,62.3,22.6
5,2024-12-01 23:30:39.852727,37.853429,-102.440699,16.3,55.3,32.4
6,2024-12-01 22:39:11.852732,37.613946,-104.344673,25.8,67.6,4.7
3,2024-12-01 22:57:44.852736,37.995372,-102.608037,24.7,44.1,47.7
9,2024-12-01 23:01:12.852741,37.063908,-102.209781,25.4,53.9,56.3
8,2024-12-01 22:39:30.852745,37.824369,-104.219125,19.9,43.2,92.4
10,2024-12-01 23:22:00.852750,39.271767,-103.427543,26.0,40.9,24.7
3,2024-12-01 22:46:19.852754,38.046918,-104.891661,22.7,45.0,22.7
3,2024-12-01 23:21:19.852759,38.365401,-103.946125,26.4,45.2,15.3
3,2024-12-01 23:14:03.852765,39.649397,-104.447649,23.0,43.8,26.1
2,2024-12-01 22:56:02.852770,39.428785,-102.240701,29.4,64.0,65.3
4,2024-12-01 22:53:30.852774,38.534278,-102.471466,24.0,49.6,11.8
7,2024-12-01 23:05:45.852779,37.147782,-104.103837,27.6,58.0,67.2
9,2024-12-01 23:21:55.852784,38.458631,-104.17052,23.8,47.9,14.4
2,2024-12-01 23:04:53.852788,39.000515,-102.6261,26.7,51.2,14.2
4,2024-12-01 22:40:59.852793,39.318308,-103.615978,24.4,38.9,81.6
8,2024-12-01 22:46:59.852798,38.973892,-102.239111,16.1,46.9,51.8
7,2024-12-01 22:56:20.852802,38.503573,-104.499229,15.5,64.4,9.7
5,2024-12-01 23:22:19.852807,37.005163,-102.421357,29.4,36.3,47.6
1,2024-12-01 23:16:11.852812,37.689512,-103.050978,21.8,36.7,66.7
7,2024-12-01 23:06:05.852816,37.58491,-103.745175,17.9,68.8,68.4
10,2024-12-01 22:51:48.852821,39.78048,-103.907177,23.5,41.0,95.3
2,2024-12-01 22:59:26.852825,37.158852,-103.759688,20.6,39.6,54.2
2,2024-12-01 23:08:12.852830,38.910542,-104.341559,21.1,48.3,75.6
2,2024-12-01 23:18:43.852835,39.04463,-103.551836,20.3,63.3,75.1
7,2024-12-01 22:43:19.852839,37.367489,-104.922772,21.7,35.5,65.1
9,2024-12-01 22:45:22.852844,38.748362,-104.871438,17.5,37.0,85.4
9,2024-12-01 23:02:14.852848,38.590995,-102.571031,25.6,46.6,33.3
4,2024-12-01 22:54:28.852853,39.191894,-103.134086,30.0,35.5,80.6
3,2024-12-01 23:03:20.852857,37.130792,-104.184699,16.6,40.5,30.9
7,2024-12-01 23:33:23.852862,38.808353,-104.52545,28.7,34.5,77.3
6,2024-12-01 23:12:27.852867,39.462226,-103.824732,23.6,57.9,36.1
10,2024-12-01 23:29:02.852871,38.754429,-104.751035,24.4,39.9,81.3
8,2024-12-01 22:41:19.852876,39.680847,-102.799447,29.9,44.6,41.6
2,2024-12-01 23:16:21.852880,38.618256,-102.520346,20.6,62.3,32.8
6,2024-12-01 23:35:54.852885,38.389083,-102.534534,22.0,59.1,33.7
2,2024-12-01 23:30:37.852890,39.654639,-103.067515,27.5,35.8,36.3
5,2024-12-01 22:52:26.852894,38.540237,-102.490478,20.3,37.0,94.6
9,2024-12-01 23:05:34.852899,38.973646,-104.200575,17.2,33.5,18.5
2,2024-12-01 23:14:32.852903,38.500187,-103.338223,17.7,47.8,78.8
4,2024-12-01 22:45:24.852908,37.158343,-103.321817,15.8,45.5,44.8
1,2024-12-01 23:36:32.852912,38.72379,-103.254965,25.6,41.4,42.6
9,2024-12-01 22:51:00.852917,39.583045,-102.9206,21.5,43.1,51.2
6,2024-12-01 23:18:33.852921,37.582907,-103.794973,24.6,68.0,28.3
1,2024-12-01 23:09:05.852927,38.235774,-102.555215,28.3,62.2,27.6
3,2024-12-01 23:26:27.852932,38.213276,-102.144541,21.4,40.9,15.1
2,2024-12-01 23:26:32.852936,39.777248,-103.814696,17.1,55.8,63.4
2,2024-12-01 22:38:01.852941,37.56431,-103.502396,22.1,32.1,64.4
2,2024-12-01 23:08:47.852946,37.736143,-103.665932,24.8,47.0,47.4
2,2024-12-01 22:48:35.852950,39.220775,-103.303197,25.9,58.6,27.9
4,2024-12-01 23:24:37.852955,37.835206,-103.780433,20.6,63.0,42.0
1,2024-12-01 22:56:57.852960,39.356666,-102.434934,15.8,60.5,53.5
3,2024-12-01 23:09:11.852964,38.442114,-103.524764,23.5,31.6,5.6
3,2024-12-01 23:11:35.852969,39.93089,-103.524486,28.6,54.7,75.6
2,2024-12-01 22:41:38.852973,38.880567,-104.307936,27.1,40.1,1.9
6,2024-12-01 22:50:46.852978,39.673198,-104.195504,19.8,37.0,43.1
7,2024-12-01 23:35:50.852983,37.143472,-103.361616,22.4,48.2,31.2
5,2024-12-01 23:21:09.852987,39.06322,-104.42349,25.2,56.7,1.3
4,2024-12-01 23:31:53.852992,37.590219,-102.217125,29.4,37.5,62.2
5,2024-12-01 22:51:32.852996,39.231795,-102.810056,15.2,47.9,39.3
5,2024-12-01 22:52:30.853001,39.178121,-104.062909,25.1,43.6,72.4
7,2024-12-01 22:39:39.853005,39.00491,-102.362455,22.1,33.2,68.9
9,2024-12-01 22:38:59.853010,39.010071,-104.409677,22.8,34.0,74.4
8,2024-12-01 22:43:43.853014,39.980272,-104.84941,29.2,62.5,20.0
7,2024-12-01 23:28:43.853019,37.38655,-104.469987,26.1,34.3,32.4
1,2024-12-01 23:13:28.853024,38.505477,-103.474051,18.9,67.1,87.9
2,2024-12-01 22:40:13.853028,38.249001,-104.838314,22.5,32.8,46.2
3,2024-12-01 22:37:06.853033,38.502938,-103.455308,21.8,52.2,80.3
7,2024-12-01 23:01:23.853037,38.021028,-104.48746,21.8,37.1,50.4
5,2024-12-01 23:13:54.853042,39.697036,-102.647533,23.4,46.5,91.7
9,2024-12-01 23:09:24.853047,39.328389,-103.203829,25.9,40.8,99.0
2,2024-12-01 22:52:08.853051,38.07456,-103.005613,24.6,57.2,92.8
9,2024-12-01 22:40:02.853056,39.962455,-104.690182,17.6,57.3,64.3
10,2024-12-01 23:00:03.853060,37.329283,-104.381596,16.6,30.8,31.2
10,2024-12-01 23:20:03.853065,38.958474,-103.507177,19.4,38.3,70.2
8,2024-12-01 23:33:35.853069,39.193782,-102.920084,17.7,53.1,99.5
8,2024-12-01 23:28:41.853074,38.638161,-102.858432,22.5,38.3,84.5
3,2024-12-01 23:10:00.853079,39.014899,-103.878891,15.7,60.4,98.6
7,2024-12-01 22:49:53.853083,37.917099,-102.968271,28.3,55.8,13.1
2,2024-12-01 23:18:57.853088,37.791035,-104.992242,24.6,53.1,24.7
6,2024-12-01 22:57:39.853093,39.096389,-104.590554,16.5,52.8,75.6
1,2024-12-01 22:40:05.853097,39.115801,-102.764183,17.6,36.1,53.8
3,2024-12-01 22:53:46.853102,37.864489,-103.043668,19.5,67.9,71.7
3,2024-12-01 22:40:29.853107,37.357178,-104.807843,26.9,35.0,59.2
10,2024-12-01 23:06:32.853111,37.936187,-103.950972,15.9,31.8,86.8
5,2024-12-01 23:12:37.853116,37.157714,-104.584269,18.7,43.0,88.0
6,2024-12-01 23:04:18.853120,37.895665,-104.359675,17.7,68.5,45.1
3,2024-12-01 22:36:54.853125,37.073805,-102.627817,15.4,58.4,66.2
10,2024-12-01 23:13:45.853129,38.009171,-103.044949,28.3,65.4,61.6
1,2024-12-01 23:02:00.853134,37.897481,-103.75555,18.1,68.7,43.7
8,2024-12-01 23:21:18.853138,37.154017,-102.63336,29.3,41.8,17.2
7,2024-12-01 22:44:51.853143,38.053285,-103.3695,22.0,30.4,85.5
9,2024-12-01 22:49:40.853148,39.016427,-104.081843,15.7,46.8,61.8
5,2024-12-01 23:17:28.853153,38.405595,-103.698435,18.2,32.0,44.6
8,2024-12-01 23:14:39.853157,38.971919,-104.410576,26.5,49.9,58.4
2,2024-12-01 22:51:47.853162,37.730857,-104.498424,19.3,58.8,78.4
3,2024-12-01 22:48:54.853167,39.801525,-103.133162,20.8,47.5,91.7
9,2024-12-01 23:16:38.853171,39.036582,-103.657848,18.3,65.0,60.0
5,2024-12-01 23:19:20.853176,38.390092,-103.65726,23.7,38.5,56.5
3,2024-12-01 23:36:08.853180,37.049613,-104.564513,21.0,34.8,19.7
6,2024-12-01 23:25:23.853185,38.434309,-104.671219,22.3,52.1,19.3
8,2024-12-01 23:24:31.853190,39.988783,-104.908393,21.0,48.3,23.2
9,2024-12-01 23:23:35.853194,38.222318,-102.226526,16.6,34.9,8.3
1,2024-12-01 23:00:49.853199,37.274991,-102.366857,22.5,34.4,85.6
10,2024-12-01 23:33:40.853203,37.757621,-102.818623,17.8,52.0,3.3
4,2024-12-01 23:22:25.853208,38.575702,-104.949916,24.1,52.1,38.7
2,2024-12-01 23:15:55.853212,38.020473,-102.382439,15.4,36.2,84.5
5,2024-12-01 22:52:21.853217,37.622192,-103.489997,24.7,57.0,73.8
5,2024-12-01 22:37:55.853222,38.407685,-104.735175,15.5,37.2,65.2
5,2024-12-01 23:12:12.853226,37.145805,-103.444739,15.2,43.0,81.9
8,2024-12-01 23:17:08.853231,39.48694,-103.921016,22.9,55.5,26.9
4,2024-12-01 23:29:46.853237,38.887249,-104.320496,22.6,38.9,71.5
10,2024-12-01 23:24:24.853242,38.322721,-103.316351,15.6,41.9,18.2
5,2024-12-01 22:46:41.853247,39.34072,-104.562385,19.8,34.7,63.8
3,2024-12-01 23:01:48.853252,38.758925,-102.70356,26.6,46.0,64.1
2,2024-12-01 23:06:35.853256,38.535264,-103.591061,15.4,69.6,78.4
10,2024-12-01 23:17:57.853261,38.989444,-103.587999,23.0,32.0,7.1
5,2024-12-01 23:10:58.853265,38.715602,-103.292776,18.4,32.9,11.6
9,2024-12-01 22:55:34.853270,38.808442,-102.734873,16.5,53.7,89.3
3,2024-12-01 22:37:54.853275,39.998018,-102.142324,28.4,69.2,29.2
1,2024-12-01 23:26:25.853281,39.813592,-103.170369,26.1,39.6,77.0
4,2024-12-01 23:33:32.853285,38.142511,-103.558944,19.8,31.7,61.5
8,2024-12-01 23:05:22.853290,39.927952,-103.585323,21.8,53.5,73.3
1,2024-12-01 23:10:43.853296,38.317419,-103.785762,27.2,37.3,6.6
6,2024-12-01 22:50:39.853300,37.774338,-104.83371,25.6,47.6,12.4
7,2024-12-01 23:24:57.853305,39.178622,-102.934081,22.0,53.0,68.5
3,2024-12-01 23:35:03.853309,37.91993,-104.880837,20.1,49.2,7.5
4,2024-12-01 22:57:45.853314,39.209297,-103.929438,18.1,45.8,5.6
4,2024-12-01 23:20:51.853319,37.44699,-104.491074,25.1,69.5,19.2
7,2024-12-01 22:53:18.853323,39.128771,-104.251906,18.3,62.2,63.4
2,2024-12-01 23:27:30.853328,39.112946,-104.085285,17.3,39.4,13.9
4,2024-12-01 22:48:00.853332,39.890407,-103.043966,15.4,31.3,29.9
7,2024-12-01 23:12:55.853337,37.990046,-103.954912,18.5,61.8,19.3
4,2024-12-01 23:03:11.853341,39.712944,-104.873499,29.0,54.8,39.0
10,2024-12-01 22:40:05.853346,37.070949,-104.54945,29.4,41.9,80.5
5,2024-12-01 23:32:20.853350,37.436482,-102.746168,27.4,67.5,49.3
3,2024-12-01 22:45:10.853355,39.729583,-104.864567,25.2,62.6,11.8
6,2024-12-01 22:48:17.853360,37.181271,-103.55846,16.6,61.7,69.6
4,2024-12-01 22:46:36.853364,37.038208,-102.131717,26.0,30.1,21.6
9,2024-12-01 22:50:35.853369,38.931077,-104.609557,26.4,31.6,56.4
9,2024-12-01 23:11:08.853374,37.047625,-102.608454,28.2,32.5,6.5
7,2024-12-01 23:12:53.853378,39.069839,-102.336491,23.7,64.3,92.9
7,2024-12-01 22:43:42.853383,37.126766,-103.813513,22.7,43.2,55.9
6,2024-12-01 23:10:24.853418,38.57492,-103.376409,22.6,58.1,68.5
6,2024-12-01 22:57:18.853423,39.367393,-103.638877,22.2,63.8,19.9
8,2024-12-01 23:35:20.853427,39.478779,-103.894494,29.6,41.7,32.7
4,2024-12-01 23:25:06.853432,37.589925,-102.850744,28.9,34.4,79.9
8,2024-12-01 23:13:56.853437,37.328852,-104.148909,22.4,57.2,49.4
2,2024-12-01 23:18:21.853441,38.049033,-103.073819,20.3,32.5,23.1
1,2024-12-01 22:56:38.853446,38.255981,-102.042519,21.4,44.1,90.8
4,2024-12-01 22:43:39.853451,38.259907,-103.677893,17.4,60.5,69.2
5,2024-12-01 23:09:04.853455,37.875666,-103.316483,19.2,48.7,79.3
2,2024-12-01 22:40:40.853460,37.41403,-102.04123,22.5,50.0,58.1
4,2024-12-01 23:02:03.853464,37.792126,-104.249953,15.7,58.0,51.5
2,2024-12-01 22:56:11.853469,37.898238,-104.049958,19.2,51.5,34.3
2,2024-12-01 22:52:45.853474,38.938737,-103.273551,25.1,40.6,21.2
8,2024-12-01 23:21:45.853478,39.620778,-103.916478,25.6,39.5,70.8
9,2024-12-01 22:58:59.853483,37.029876,-102.264175,23.8,31.1,17.0
3,2024-12-01 22:38:26.853487,39.67396,-104.943807,29.7,33.9,44.8
3,2024-12-01 23:20:29.853492,38.932681,-102.278177,15.8,45.5,43.6
8,2024-12-01 23:27:54.853496,37.274262,-102.705155,20.0,54.4,50.4
9,2024-12-01 23:14:19.853501,37.500006,-102.268345,28.3,49.8,45.0
5,2024-12-01 23:21:34.853506,39.852866,-103.870696,25.6,58.7,95.2
1,2024-12-01 22:43:14.853510,38.64985,-103.00071,28.9,58.9,5.4
2,2024-12-01 23:12:36.853515,38.142352,-102.739255,26.7,41.2,3.5
3,2024-12-01 22:44:56.853519,37.671587,-103.355815,16.7,54.0,5.3
5,2024-12-01 23:02:23.853524,39.909022,-104.820722,17.3,38.0,51.3
4,2024-12-01 22:49:37.853529,39.903874,-103.003509,25.0,69.8,44.9
7,2024-12-01 22:51:43.853533,37.984037,-103.702037,18.9,40.7,57.5
4,2024-12-01 23:29:29.853538,37.752395,-104.45496,15.7,69.5,11.4
2,2024-12-01 23:06:06.853542,39.050931,-102.206764,22.3,66.7,90.3
4,2024-12-01 22:54:40.853547,39.284885,-102.118247,20.9,34.9,19.1
10,2024-12-01 23:11:11.853551,39.72498,-102.391286,23.8,35.7,38.3
1,2024-12-01 23:08:38.853556,38.328695,-103.130185,23.8,69.7,56.2
10,2024-12-01 23:24:31.853561,38.215876,-103.815757,18.9,56.7,15.5
2,2024-12-01 22:50:19.853565,37.273636,-102.755244,22.2,67.3,69.9
1,2024-12-01 22:50:01.853570,38.291573,-104.522919,29.0,32.4,1.2
3,2024-12-01 22:40:18.853575,37.767364,-103.755205,16.1,56.8,5.8
9,2024-12-01 22:47:26.853579,39.989575,-102.330436,27.8,33.0,2.9
2,2024-12-01 23:12:08.853584,38.156079,-103.619581,19.7,67.0,64.5
10,2024-12-01 23:08:00.853588,39.255974,-104.568894,26.8,32.6,16.1
4,2024-12-01 22:46:32.853593,37.230117,-103.348578,21.2,63.6,33.8
10,2024-12-01 23:16:02.853598,37.724609,-102.950423,26.4,41.3,88.8
8,2024-12-01 23:33:19.853603,38.159575,-103.721284,21.2,42.5,99.0
9,2024-12-01 23:03:06.853608,39.995978,-103.235846,22.0,32.1,14.1
6,2024-12-01 22:52:50.853613,38.985491,-104.347446,29.9,60.9,64.5
4,2024-12-01 22:40:49.853617,38.958135,-104.378394,28.3,31.3,19.3
10,2024-12-01 22:55:28.853622,37.077908,-102.153393,23.4,55.8,81.5
4,2024-12-01 23:02:04.853626,37.568594,-104.081015,26.9,34.0,18.4
4,2024-12-01 23:01:06.853631,39.46075,-104.607105,29.0,64.7,65.8
3,2024-12-01 22:55:42.853636,37.158411,-104.340252,26.2,61.3,52.0
8,2024-12-01 22:44:15.853641,39.083731,-103.45351,24.7,34.1,21.5
7,2024-12-01 22:52:24.853646,37.669671,-104.24011,29.3,44.3,83.9
6,2024-12-01 22:59:42.853650,39.730427,-104.15654,16.2,64.5,24.8
2,2024-12-01 23:12:37.853655,38.397463,-103.282805,18.9,53.2,55.2
3,2024-12-01 23:34:31.853659,37.577766,-104.980016,27.1,54.0,33.8
10,2024-12-01 23:02:57.853664,39.64706,-103.854993,27.4,35.7,98.6
2,2024-12-01 23:09:25.853669,37.007812,-102.653877,16.2,61.1,69.2
7,2024-12-01 22:43:36.853673,38.288225,-103.425689,26.8,44.5,34.9
9,2024-12-01 23:31:42.853678,38.442871,-103.69423,23.7,66.2,82.5
2,2024-12-01 23:34:13.853682,37.679112,-104.416552,16.0,54.6,62.6
3,2024-12-01 23:24:56.853687,37.312808,-103.907939,22.9,30.6,37.2
1,2024-12-01 23:07:41.853692,39.990974,-104.499867,16.9,40.8,46.5
5,2024-12-01 23:25:30.853696,38.558138,-104.489638,16.4,36.6,30.7
9,2024-12-01 22:46:13.853701,38.510136,-104.232836,16.0,65.4,73.6
8,2024-12-01 23:33:52.853706,39.057149,-102.146326,29.4,51.8,37.0
5,2024-12-01 23:22:47.853711,39.272866,-104.1434,27.3,67.8,29.1
3,2024-12-01 22:41:14.853715,37.008567,-103.866947,21.5,57.1,78.2
7,2024-12-01 22:38:34.853720,37.7573,-103.931353,23.5,44.1,97.3
8,2024-12-01 23:29:27.853724,37.096398,-102.747566,23.3,36.9,68.4
9,2024-12-01 22:52:08.853729,38.179112,-103.41657,25.9,59.0,91.2
5,2024-12-01 22:57:38.853734,38.574261,-102.594319,19.2,41.7,21.5
10,2024-12-01 23:25:11.853738,39.249027,-102.668831,18.2,69.2,45.3
5,2024-12-01 23:36:18.853745,38.59346,-104.250975,16.0,57.1,70.9
5,2024-12-01 23:25:59.853750,38.348877,-103.986433,19.7,51.2,85.3
8,2024-12-01 23:30:15.853755,38.967452,-103.24047,21.1,54.6,88.9
10,2024-12-01 22:50:22.853759,37.231991,-104.678175,21.2,51.1,80.3
5,2024-12-01 22:48:31.853764,39.512403,-102.300419,28.2,49.8,77.7
8,2024-12-01 23:24:56.853768,38.476774,-103.309074,25.4,40.6,7.1
10,2024-12-01 22:49:55.853773,37.998085,-103.538296,26.7,63.3,62.5
10,2024-12-01 23:06:21.853778,39.390082,-104.001616,26.4,47.6,39.0
1,2024-12-01 22:53:25.853782,39.635653,-104.376355,24.7,54.4,16.7
1,2024-12-01 23:31:37.853787,39.281196,-104.396529,16.3,43.5,94.5
4,2024-12-01 23:30:06.853791,37.647247,-102.838633,29.0,44.1,76.2
1,2024-12-01 23:03:52.853796,38.436073,-104.124876,29.8,62.6,43.0
2,2024-12-01 23:32:01.853801,37.258573,-103.110445,29.0,36.0,17.2
6,2024-12-01 22:44:18.853806,37.04782,-103.555459,27.9,59.8,38.1
10,2024-12-01 23:22:15.853810,38.640565,-103.273891,29.1,33.5,57.5
8,2024-12-01 23:28:34.853815,39.613638,-102.228232,16.6,55.0,74.7
9,2024-12-01 23:19:00.853820,38.748111,-104.180871,26.6,60.8,8.5
2,2024-12-01 22:43:58.853824,39.954061,-103.147799,20.0,41.6,25.6
9,2024-12-01 22:52:20.853829,39.64239,-103.232911,21.3,51.5,13.5
4,2024-12-01 22:51:51.853833,37.256964,-103.027996,19.7,39.5,69.9
3,2024-12-01 23:10:51.853838,39.285357,-103.779293,18.7,37.6,35.7
8,2024-12-01 23:12:24.853843,38.600364,-103.94826,24.7,59.9,60.0
8,2024-12-01 22:42:35.853847,37.174353,-104.392564,29.4,55.0,45.4
10,2024-12-01 23:25:01.853852,38.543691,-103.500041,22.1,67.3,12.3
10,2024-12-01 23:24:47.853856,37.861938,-103.819361,21.6,47.6,98.0
9,2024-12-01 23:34:56.853861,38.303422,-103.576343,16.9,31.0,32.4
1,2024-12-01 23:09:15.853866,38.983451,-104.796992,23.5,30.1,13.2
9,2024-12-01 23:34:43.853871,37.460495,-104.974578,19.6,42.5,57.3
10,2024-12-01 22:54:56.853876,38.289061,-102.457423,28.8,59.1,95.2
6,2024-12-01 23:30:02.853880,37.111504,-104.445848,22.1,33.9,78.7
5,2024-12-01 23:08:06.853885,38.269084,-102.754535,25.1,59.7,8.0
6,2024-12-01 23:11:08.853890,37.315388,-102.939766,24.5,52.8,18.9
2,2024-12-01 23:22:16.853895,38.528961,-102.347189,22.3,52.9,87.9
6,2024-12-01 23:12:30.853899,39.049669,-104.859416,16.3,30.1,67.5
6,2024-12-01 23:12:23.853905,37.923824,-103.532004,21.9,61.4,47.8
6,2024-12-01 23:25:41.853910,38.203879,-103.269184,23.0,45.0,24.3
7,2024-12-01 22:51:35.853915,39.861095,-102.885072,20.2,47.9,3.6
2,2024-12-01 23:14:32.853920,39.08287,-102.650545,26.0,33.7,91.7
3,2024-12-01 23:12:40.853924,37.46241,-103.366472,15.1,58.7,53.8
8,2024-12-01 23:34:37.853929,37.614792,-104.735746,16.4,66.7,27.9
9,2024-12-01 22:37:05.853933,39.664473,-103.36069,26.9,49.1,19.2
7,2024-12-01 22:42:29.853938,37.261798,-103.53179,19.5,38.0,81.1
7,2024-12-01 22:38:20.853943,38.874986,-103.446358,21.8,37.6,68.3
5,2024-12-01 22:48:06.853947,38.353713,-102.140761,24.2,32.5,98.6
